{
  "Flat": {
    "name": "Flat",
    "avg_ms": 5.3890910148620605,
    "p50_ms": 5.036354064941406,
    "p99_ms": 10.956931114196768
  },
  "IVF-50": {
    "name": "IVF-50",
    "avg_ms": 1.1754035949707031,
    "p50_ms": 1.1500120162963867,
    "p99_ms": 2.00904369354248
  },
  "IVF-100": {
    "name": "IVF-100",
    "avg_ms": 0.5965476036071777,
    "p50_ms": 0.5794763565063477,
    "p99_ms": 0.9725642204284668
  },
  "IVF-200": {
    "name": "IVF-200",
    "avg_ms": 0.29844045639038086,
    "p50_ms": 0.2905130386352539,
    "p99_ms": 0.4761624336242675
  },
  "HNSW-32": {
    "name": "HNSW-32",
    "avg_ms": 0.09871435165405273,
    "p50_ms": 0.0947713851928711,
    "p99_ms": 0.18553733825683588
  }
}